{"$schema":"http://schema.management.azure.com/schemas/2015-01-01/deploymentTemplate.json#","contentVersion":"1.0.0.0","parameters":{"workspaceName":{"type":"string","metadata":"Workspace name","defaultValue":"venkysynapseworkspace101"},"AzureDataLakeStorage1":{"type":"string"},"asacosmosdb01":{"type":"string"}},"variables":{"workspaceId":"[concat('Microsoft.Synapse/workspaces/', parameters('workspaceName'))]"},"resources":[{"name":"[concat(parameters('workspaceName'), '/Copy_from_DL_to_Cosmos_pipeline')]","type":"Microsoft.Synapse/workspaces/pipelines","apiVersion":"2019-06-01-preview","properties":{"description":"Pipeline to populate the cosmos DB","activities":[{"name":"Copy_Profiles_From_DL_to_Cosmos","description":"This will insert data from the data lake directory to the cosmos DB container.","type":"Copy","dependsOn":[],"policy":{"timeout":"7.00:00:00","retry":0,"retryIntervalInSeconds":30,"secureOutput":false,"secureInput":false},"userProperties":[],"typeProperties":{"source":{"type":"JsonSource","storeSettings":{"type":"AzureBlobFSReadSettings","recursive":true,"wildcardFolderPath":"wwi-02/online-user-profiles-01/**","wildcardFileName":"*.json","enablePartitionDiscovery":false},"formatSettings":{"type":"JsonReadSettings"}},"sink":{"type":"CosmosDbSqlApiSink","writeBehavior":"insert"},"enableStaging":false},"inputs":[{"referenceName":"Json1","type":"DatasetReference","parameters":{}}],"outputs":[{"referenceName":"asal400_customerprofile_cosmosdb","type":"DatasetReference","parameters":{}}]}],"policy":{"elapsedTimeMetric":{},"cancelAfter":{}},"annotations":[],"lastPublishTime":"2022-05-25T21:24:16Z"},"dependsOn":["[concat(variables('workspaceId'), '/datasets/Json1')]","[concat(variables('workspaceId'), '/datasets/asal400_customerprofile_cosmosdb')]"]},{"name":"[concat(parameters('workspaceName'), '/Json1')]","type":"Microsoft.Synapse/workspaces/datasets","apiVersion":"2019-06-01-preview","properties":{"linkedServiceName":{"referenceName":"[parameters('AzureDataLakeStorage1')]","type":"LinkedServiceReference"},"annotations":[],"type":"Json","typeProperties":{"location":{"type":"AzureBlobFSLocation","folderPath":"wwi-02/online-user-profiles-02","fileSystem":"raw042772"}},"schema":{"type":"object","properties":{"visitorId":{"type":"integer"},"topProductPurchases":{"type":"array","items":{"type":"object","properties":{"productId":{"type":"integer"},"itemsPurchasedLast12Months":{"type":"integer"}}}}}}},"dependsOn":[]},{"name":"[concat(parameters('workspaceName'), '/asal400_customerprofile_cosmosdb')]","type":"Microsoft.Synapse/workspaces/datasets","apiVersion":"2019-06-01-preview","properties":{"description":"integration dataset for cosmos db","linkedServiceName":{"referenceName":"[parameters('asacosmosdb01')]","type":"LinkedServiceReference"},"annotations":[],"type":"CosmosDbSqlApiCollection","schema":{},"typeProperties":{"collectionName":"OnlineUserProfile01"}},"dependsOn":[]}]}